Workbook

Sheet Tổng quan
A1: Kế hoạch chạy AgentMailGuard — tổng quan 3 model
A2: Tập mẫu chung mỗi model: 1.000 attack email (250 × 4 level) · 300 tài liệu độc · 500 email lành tính = 1.800 mẫu
A4: Thứ tự | B4: Model | C4: Cách chạy | D4: Attack email | E4: Tài liệu độc (RAG) | F4: Email lành tính | G4: Ablation | H4: Tổng lượt
A5: 1 | B5: Qwen2.5-7B-Instruct | C5: Local, Ollama | D5: =SUMIF('Qwen2.5-7B'!$B$5:$B$18,"Attack email",'Qwen2.5-7B'!$E$5:$E$18) -> 4000 | E5: =SUMIF('Qwen2.5-7B'!$B$5:$B$18,"Tài liệu độc (RAG)",'Qwen2.5-7B'!$E$5:$E$18) -> 600 | F5: =SUMIF('Qwen2.5-7B'!$B$5:$B$18,"Email lành tính",'Qwen2.5-7B'!$E$5:$E$18) -> 1000 | G5: =SUMIF('Qwen2.5-7B'!$B$5:$B$18,"Ablation (bỏ từng lớp)",'Qwen2.5-7B'!$E$5:$E$18) -> 3000 | H5: =SUM(D5:G5) -> 8600
A6: 2 | B6: GPT-4o-mini | C6: OpenAI API | D6: =SUMIF('GPT-4o-mini'!$B$5:$B$12,"Attack email",'GPT-4o-mini'!$E$5:$E$12) -> 4000 | E6: =SUMIF('GPT-4o-mini'!$B$5:$B$12,"Tài liệu độc (RAG)",'GPT-4o-mini'!$E$5:$E$12) -> 600 | F6: =SUMIF('GPT-4o-mini'!$B$5:$B$12,"Email lành tính",'GPT-4o-mini'!$E$5:$E$12) -> 1000 | G6: =SUMIF('GPT-4o-mini'!$B$5:$B$12,"Ablation (bỏ từng lớp)",'GPT-4o-mini'!$E$5:$E$12) -> 0 | H6: =SUM(D6:G6) -> 5600
A7: 3 | B7: Llama-3.1-8B-Instruct | C7: Local, Ollama | D7: =SUMIF('Llama-3.1-8B'!$B$5:$B$12,"Attack email",'Llama-3.1-8B'!$E$5:$E$12) -> 4000 | E7: =SUMIF('Llama-3.1-8B'!$B$5:$B$12,"Tài liệu độc (RAG)",'Llama-3.1-8B'!$E$5:$E$12) -> 600 | F7: =SUMIF('Llama-3.1-8B'!$B$5:$B$12,"Email lành tính",'Llama-3.1-8B'!$E$5:$E$12) -> 1000 | G7: =SUMIF('Llama-3.1-8B'!$B$5:$B$12,"Ablation (bỏ từng lớp)",'Llama-3.1-8B'!$E$5:$E$12) -> 0 | H7: =SUM(D7:G7) -> 5600
B8: TỔNG | D8: =SUM(D5:D7) -> 12000 | E8: =SUM(E5:E7) -> 1800 | F8: =SUM(F5:F7) -> 3000 | G8: =SUM(G5:G7) -> 3000 | H8: =SUM(H5:H7) -> 19800
A10: Cách đọc:
A11: • Số lượt = số mẫu × số cấu hình. Mỗi sheet model liệt kê từng cấu hình trên một dòng.
A12: • Ablation chỉ chạy trên Qwen (model chính): 500 attack × 6 cấu hình bỏ từng lớp = 3.000 lượt.
A13: • Cả 3 model dùng chung một file mẫu, cùng prompt, cùng ngưỡng, temperature = 0 — chỉ đổi model.
A14: • Ô xanh dương = số mẫu có thể chỉnh; ô xanh lá = lấy tự động từ sheet model.

Sheet Qwen2.5-7B
A1: Qwen2.5-7B-Instruct — chạy thứ 1 (Local, Ollama)
A2: Dùng chung tập mẫu eval_set_v1.jsonl với cả 3 model · mỗi dòng = 1 cấu hình chạy trên toàn bộ mẫu của phần đó
A4: STT | B4: Phần thí nghiệm | C4: Cấu hình | D4: Lớp phòng thủ bật | E4: Số mẫu = số lượt chạy | F4: Đo chỉ số | G4: Ghi chú
A5: 1 | B5: Attack email | C5: C0 | D5: Không bật lớp nào (baseline) | E5: 1000 | F5: ASR, TMR, DER | G5: Đo mức độ bị tấn công khi chưa phòng thủ
A6: 2 | B6: Attack email | C6: C1 | D6: Chỉ Layer 1 | E6: 1000 | F6: ASR, TMR, DER | G6: So với phòng thủ một lớp
A7: 3 | B7: Attack email | C7: C2 | D7: Layer 1 + 2 + 3 | E7: 1000 | F7: ASR, TMR, DER | G7: Phòng thủ phía đầu vào
A8: 4 | B8: Attack email | C8: C3 | D8: Đủ 5 lớp (L1, L2, L3, L3b, L4, L5) | E8: 1000 | F8: ASR, TMR, DER | G8: Kết quả chính của bài báo
A9: 5 | B9: Tài liệu độc (RAG) | C9: C0 | D9: Không bật lớp nào | E9: 300 | F9: ASR (RAG) | G9: Tài liệu knowledge base bị cài lệnh
A10: 6 | B10: Tài liệu độc (RAG) | C10: C3 | D10: Đủ 5 lớp | E10: 300 | F10: ASR (RAG) | G10: Kiểm tra Layer 3b
A11: 7 | B11: Email lành tính | C11: C0 | D11: Không bật lớp nào | E11: 500 | F11: TSR | G11: Mức trả lời đúng khi không phòng thủ
A12: 8 | B12: Email lành tính | C12: C3 | D12: Đủ 5 lớp | E12: 500 | F12: TSR, FPR | G12: Chứng minh không chặn nhầm email thật
A13: 9 | B13: Ablation (bỏ từng lớp) | C13: C3 − L1 | D13: Đủ 5 lớp nhưng tắt L1 | E13: 500 | F13: ΔASR so với C3 | G13: Đo đóng góp riêng của L1
A14: 10 | B14: Ablation (bỏ từng lớp) | C14: C3 − L2 | D14: Đủ 5 lớp nhưng tắt L2 | E14: 500 | F14: ΔASR so với C3 | G14: Đo đóng góp riêng của L2
A15: 11 | B15: Ablation (bỏ từng lớp) | C15: C3 − L3 | D15: Đủ 5 lớp nhưng tắt L3 | E15: 500 | F15: ΔASR so với C3 | G15: Đo đóng góp riêng của L3
A16: 12 | B16: Ablation (bỏ từng lớp) | C16: C3 − L3b | D16: Đủ 5 lớp nhưng tắt L3b | E16: 500 | F16: ΔASR so với C3 | G16: Đo đóng góp riêng của L3b
... A18: 14 | B18: Ablation (bỏ từng lớp) | C18: C3 − L5 | D18: Đủ 5 lớp nhưng tắt L5 | E18: 500 | F18: ΔASR so với C3 | G18: Đo đóng góp riêng của L5
B19: TỔNG LƯỢT CHẠY | E19: =SUM(E5:E18) -> 8600
B21: Cộng theo phần
B22: Attack email | E22: =SUMIF(B5:B18,B22,E5:E18) -> 4000
B23: Tài liệu độc (RAG) | E23: =SUMIF(B5:B18,B23,E5:E18) -> 600
B24: Email lành tính | E24: =SUMIF(B5:B18,B24,E5:E18) -> 1000
B25: Ablation (bỏ từng lớp) | E25: =SUMIF(B5:B18,B25,E5:E18) -> 3000

Sheet GPT-4o-mini
A1: GPT-4o-mini — chạy thứ 2 (OpenAI API)
A2: Dùng chung tập mẫu eval_set_v1.jsonl với cả 3 model · mỗi dòng = 1 cấu hình chạy trên toàn bộ mẫu của phần đó
A4: STT | B4: Phần thí nghiệm | C4: Cấu hình | D4: Lớp phòng thủ bật | E4: Số mẫu = số lượt chạy | F4: Đo chỉ số | G4: Ghi chú
A5: 1 | B5: Attack email | C5: C0 | D5: Không bật lớp nào (baseline) | E5: 1000 | F5: ASR, TMR, DER | G5: Đo mức độ bị tấn công khi chưa phòng thủ
A6: 2 | B6: Attack email | C6: C1 | D6: Chỉ Layer 1 | E6: 1000 | F6: ASR, TMR, DER | G6: So với phòng thủ một lớp
A7: 3 | B7: Attack email | C7: C2 | D7: Layer 1 + 2 + 3 | E7: 1000 | F7: ASR, TMR, DER | G7: Phòng thủ phía đầu vào
A8: 4 | B8: Attack email | C8: C3 | D8: Đủ 5 lớp (L1, L2, L3, L3b, L4, L5) | E8: 1000 | F8: ASR, TMR, DER | G8: Kết quả chính của bài báo
A9: 5 | B9: Tài liệu độc (RAG) | C9: C0 | D9: Không bật lớp nào | E9: 300 | F9: ASR (RAG) | G9: Tài liệu knowledge base bị cài lệnh
A10: 6 | B10: Tài liệu độc (RAG) | C10: C3 | D10: Đủ 5 lớp | E10: 300 | F10: ASR (RAG) | G10: Kiểm tra Layer 3b
A11: 7 | B11: Email lành tính | C11: C0 | D11: Không bật lớp nào | E11: 500 | F11: TSR | G11: Mức trả lời đúng khi không phòng thủ
A12: 8 | B12: Email lành tính | C12: C3 | D12: Đủ 5 lớp | E12: 500 | F12: TSR, FPR | G12: Chứng minh không chặn nhầm email thật
B13: TỔNG LƯỢT CHẠY | E13: =SUM(E5:E12) -> 5600
B15: Cộng theo phần
B16: Attack email | E16: =SUMIF(B5:B12,B16,E5:E12) -> 4000
B17: Tài liệu độc (RAG) | E17: =SUMIF(B5:B12,B17,E5:E12) -> 600
B18: Email lành tính | E18: =SUMIF(B5:B12,B18,E5:E12) -> 1000

Sheet Llama-3.1-8B
A1: Llama-3.1-8B-Instruct — chạy thứ 3 (Local, Ollama)
A2: Dùng chung tập mẫu eval_set_v1.jsonl với cả 3 model · mỗi dòng = 1 cấu hình chạy trên toàn bộ mẫu của phần đó
A4: STT | B4: Phần thí nghiệm | C4: Cấu hình | D4: Lớp phòng thủ bật | E4: Số mẫu = số lượt chạy | F4: Đo chỉ số | G4: Ghi chú
A5: 1 | B5: Attack email | C5: C0 | D5: Không bật lớp nào (baseline) | E5: 1000 | F5: ASR, TMR, DER | G5: Đo mức độ bị tấn công khi chưa phòng thủ
A6: 2 | B6: Attack email | C6: C1 | D6: Chỉ Layer 1 | E6: 1000 | F6: ASR, TMR, DER | G6: So với phòng thủ một lớp
A7: 3 | B7: Attack email | C7: C2 | D7: Layer 1 + 2 + 3 | E7: 1000 | F7: ASR, TMR, DER | G7: Phòng thủ phía đầu vào
A8: 4 | B8: Attack email | C8: C3 | D8: Đủ 5 lớp (L1, L2, L3, L3b, L4, L5) | E8: 1000 | F8: ASR, TMR, DER | G8: Kết quả chính của bài báo
A9: 5 | B9: Tài liệu độc (RAG) | C9: C0 | D9: Không bật lớp nào | E9: 300 | F9: ASR (RAG) | G9: Tài liệu knowledge base bị cài lệnh
A10: 6 | B10: Tài liệu độc (RAG) | C10: C3 | D10: Đủ 5 lớp | E10: 300 | F10: ASR (RAG) | G10: Kiểm tra Layer 3b
A11: 7 | B11: Email lành tính | C11: C0 | D11: Không bật lớp nào | E11: 500 | F11: TSR | G11: Mức trả lời đúng khi không phòng thủ
A12: 8 | B12: Email lành tính | C12: C3 | D12: Đủ 5 lớp | E12: 500 | F12: TSR, FPR | G12: Chứng minh không chặn nhầm email thật
B13: TỔNG LƯỢT CHẠY | E13: =SUM(E5:E12) -> 5600
B15: Cộng theo phần
B16: Attack email | E16: =SUMIF(B5:B12,B16,E5:E12) -> 4000
B17: Tài liệu độc (RAG) | E17: =SUMIF(B5:B12,B17,E5:E12) -> 600
B18: Email lành tính | E18: =SUMIF(B5:B12,B18,E5:E12) -> 1000
