Workbook

Sheet Tổng quan
A1: Kế hoạch chạy C0–C7 (9 cấu hình) — tổng quan 3 model
A2: Tập mẫu chung mỗi model: 1.000 email tấn công · 500 email lành tính · 300 tài liệu độc = 1.800 mẫu
A4: Thứ tự | B4: Model | C4: Cách chạy | D4: Email tấn công | E4: Email lành tính | F4: Tài liệu độc (RAG) | G4: Tổng lượt
A5: 1 | B5: Qwen2.5-7B-Instruct | C5: Local, Ollama | D5: ='Qwen2.5-7B'!D14 -> 9000 | E5: ='Qwen2.5-7B'!E14 -> 4500 | F5: ='Qwen2.5-7B'!F14 -> 900 | G5: ='Qwen2.5-7B'!G14 -> 14400
A6: 2 | B6: GPT-4o-mini | C6: OpenAI API | D6: ='GPT-4o-mini'!D14 -> 9000 | E6: ='GPT-4o-mini'!E14 -> 4500 | F6: ='GPT-4o-mini'!F14 -> 900 | G6: ='GPT-4o-mini'!G14 -> 14400
A7: 3 | B7: Llama-3.1-8B-Instruct | C7: Local, Ollama | D7: ='Llama-3.1-8B'!D14 -> 9000 | E7: ='Llama-3.1-8B'!E14 -> 4500 | F7: ='Llama-3.1-8B'!F14 -> 900 | G7: ='Llama-3.1-8B'!G14 -> 14400
B8: TỔNG | D8: =SUM(D5:D7) -> 27000 | E8: =SUM(E5:E7) -> 13500 | F8: =SUM(F5:F7) -> 2700 | G8: =SUM(G5:G7) -> 43200
A10: Bảng cấu hình
A11: Cấu hình | B11: Lớp bật | C11: Đi qua
A12: C0 | B12: Không lớp nào — prompt gốc của rag-email | C12: tấn công + lành tính + tài liệu độc
A13: C0T | B13: Template prompt của guard, không bật lớp nào | C13: tấn công + lành tính
A14: C1 | B14: L1 + L5 | C14: tấn công + lành tính
A15: C2 | B15: L2 + L5 | C15: tấn công + lành tính
A16: C3 | B16: L3 + L5 | C16: tấn công + lành tính
A17: C4 | B17: L3b + L5 | C17: tấn công + lành tính + tài liệu độc
A18: C5 | B18: L4 + L5 | C18: tấn công + lành tính
A19: C6 | B19: Chỉ L5 — đối chứng | C19: tấn công + lành tính
A20: C7 | B20: Đủ tất cả các lớp — cấu hình mục tiêu | C20: tấn công + lành tính + tài liệu độc

Sheet Qwen2.5-7B
A1: Qwen2.5-7B-Instruct — chạy thứ 1 (Local, Ollama)
A2: Email tấn công (1.000) + lành tính (500) đi qua cả 9 cấu hình · tài liệu độc (300) chỉ đi qua C0, C4, C7
A4: Cấu hình | B4: Lớp bật | C4: Template | D4: Email tấn công | E4: Email lành tính | F4: Tài liệu độc (RAG) | G4: Tổng lượt | H4: Đọc kết quả
A5: C0 | B5: Không lớp nào | C5: prompt gốc | D5: 1000 | E5: 500 | F5: 300 | G5: =SUM(D5:F5) -> 1800 | H5: Mức bị tấn công khi không phòng thủ
A6: C0T | B6: Không lớp nào | C6: guard | D6: 1000 | E6: 500 | F6: 0 | G6: =SUM(D6:F6) -> 1500 | H6: Riêng template thay đổi được bao nhiêu
A7: C1 | B7: L1 + L5 | C7: guard | D7: 1000 | E7: 500 | F7: 0 | G7: =SUM(D7:F7) -> 1500 | H7: So với C6: L1 thêm được gì
A8: C2 | B8: L2 + L5 | C8: guard | D8: 1000 | E8: 500 | F8: 0 | G8: =SUM(D8:F8) -> 1500 | H8: So với C6: L2 thêm được gì
A9: C3 | B9: L3 + L5 | C9: guard | D9: 1000 | E9: 500 | F9: 0 | G9: =SUM(D9:F9) -> 1500 | H9: So với C6: L3 thêm được gì
A10: C4 | B10: L3b + L5 | C10: guard | D10: 1000 | E10: 500 | F10: 300 | G10: =SUM(D10:F10) -> 1800 | H10: So với C6: L3b thêm được gì (kể cả đường RAG)
A11: C5 | B11: L4 + L5 | C11: guard | D11: 1000 | E11: 500 | F11: 0 | G11: =SUM(D11:F11) -> 1500 | H11: So với C6: L4 thêm được gì
A12: C6 | B12: L5 | C12: guard | D12: 1000 | E12: 500 | F12: 0 | G12: =SUM(D12:F12) -> 1500 | H12: Đối chứng: riêng L5 làm được gì
A13: C7 | B13: L1 + L2 + L3 + L3b + L4 + L5 | C13: guard | D13: 1000 | E13: 500 | F13: 300 | G13: =SUM(D13:F13) -> 1800 | H13: Kết quả chính của bài báo
A14: TỔNG | D14: =SUM(D5:D13) -> 9000 | E14: =SUM(E5:E13) -> 4500 | F14: =SUM(F5:F13) -> 900 | G14: =SUM(G5:G13) -> 14400
A16: Chỉ số đo:
A17: • Email tấn công: ASR (tấn công thành công cuối cùng), TMR (agent có ĐỊNH gửi tới kẻ tấn công trước khi L5 chặn), DER (rò rỉ dữ liệu)
A18: • Email lành tính: TSR (trả lời đúng), FPR (bị chặn nhầm)
A19: • Tài liệu độc: ASR đường RAG
A20: Lưu ý: L5 có mặt từ C1 đến C7 nên ASR có thể đều ≈ 0 → dùng TMR để so sánh các lớp.

Sheet GPT-4o-mini
A1: GPT-4o-mini — chạy thứ 2 (OpenAI API)
A2: Email tấn công (1.000) + lành tính (500) đi qua cả 9 cấu hình · tài liệu độc (300) chỉ đi qua C0, C4, C7
A4: Cấu hình | B4: Lớp bật | C4: Template | D4: Email tấn công | E4: Email lành tính | F4: Tài liệu độc (RAG) | G4: Tổng lượt | H4: Đọc kết quả
A5: C0 | B5: Không lớp nào | C5: prompt gốc | D5: 1000 | E5: 500 | F5: 300 | G5: =SUM(D5:F5) -> 1800 | H5: Mức bị tấn công khi không phòng thủ
A6: C0T | B6: Không lớp nào | C6: guard | D6: 1000 | E6: 500 | F6: 0 | G6: =SUM(D6:F6) -> 1500 | H6: Riêng template thay đổi được bao nhiêu
A7: C1 | B7: L1 + L5 | C7: guard | D7: 1000 | E7: 500 | F7: 0 | G7: =SUM(D7:F7) -> 1500 | H7: So với C6: L1 thêm được gì
A8: C2 | B8: L2 + L5 | C8: guard | D8: 1000 | E8: 500 | F8: 0 | G8: =SUM(D8:F8) -> 1500 | H8: So với C6: L2 thêm được gì
A9: C3 | B9: L3 + L5 | C9: guard | D9: 1000 | E9: 500 | F9: 0 | G9: =SUM(D9:F9) -> 1500 | H9: So với C6: L3 thêm được gì
A10: C4 | B10: L3b + L5 | C10: guard | D10: 1000 | E10: 500 | F10: 300 | G10: =SUM(D10:F10) -> 1800 | H10: So với C6: L3b thêm được gì (kể cả đường RAG)
A11: C5 | B11: L4 + L5 | C11: guard | D11: 1000 | E11: 500 | F11: 0 | G11: =SUM(D11:F11) -> 1500 | H11: So với C6: L4 thêm được gì
A12: C6 | B12: L5 | C12: guard | D12: 1000 | E12: 500 | F12: 0 | G12: =SUM(D12:F12) -> 1500 | H12: Đối chứng: riêng L5 làm được gì
A13: C7 | B13: L1 + L2 + L3 + L3b + L4 + L5 | C13: guard | D13: 1000 | E13: 500 | F13: 300 | G13: =SUM(D13:F13) -> 1800 | H13: Kết quả chính của bài báo
A14: TỔNG | D14: =SUM(D5:D13) -> 9000 | E14: =SUM(E5:E13) -> 4500 | F14: =SUM(F5:F13) -> 900 | G14: =SUM(G5:G13) -> 14400
A16: Chỉ số đo:
A17: • Email tấn công: ASR (tấn công thành công cuối cùng), TMR (agent có ĐỊNH gửi tới kẻ tấn công trước khi L5 chặn), DER (rò rỉ dữ liệu)
A18: • Email lành tính: TSR (trả lời đúng), FPR (bị chặn nhầm)
A19: • Tài liệu độc: ASR đường RAG
A20: Lưu ý: L5 có mặt từ C1 đến C7 nên ASR có thể đều ≈ 0 → dùng TMR để so sánh các lớp.

Sheet Llama-3.1-8B
A1: Llama-3.1-8B-Instruct — chạy thứ 3 (Local, Ollama)
A2: Email tấn công (1.000) + lành tính (500) đi qua cả 9 cấu hình · tài liệu độc (300) chỉ đi qua C0, C4, C7
A4: Cấu hình | B4: Lớp bật | C4: Template | D4: Email tấn công | E4: Email lành tính | F4: Tài liệu độc (RAG) | G4: Tổng lượt | H4: Đọc kết quả
A5: C0 | B5: Không lớp nào | C5: prompt gốc | D5: 1000 | E5: 500 | F5: 300 | G5: =SUM(D5:F5) -> 1800 | H5: Mức bị tấn công khi không phòng thủ
A6: C0T | B6: Không lớp nào | C6: guard | D6: 1000 | E6: 500 | F6: 0 | G6: =SUM(D6:F6) -> 1500 | H6: Riêng template thay đổi được bao nhiêu
A7: C1 | B7: L1 + L5 | C7: guard | D7: 1000 | E7: 500 | F7: 0 | G7: =SUM(D7:F7) -> 1500 | H7: So với C6: L1 thêm được gì
A8: C2 | B8: L2 + L5 | C8: guard | D8: 1000 | E8: 500 | F8: 0 | G8: =SUM(D8:F8) -> 1500 | H8: So với C6: L2 thêm được gì
A9: C3 | B9: L3 + L5 | C9: guard | D9: 1000 | E9: 500 | F9: 0 | G9: =SUM(D9:F9) -> 1500 | H9: So với C6: L3 thêm được gì
A10: C4 | B10: L3b + L5 | C10: guard | D10: 1000 | E10: 500 | F10: 300 | G10: =SUM(D10:F10) -> 1800 | H10: So với C6: L3b thêm được gì (kể cả đường RAG)
A11: C5 | B11: L4 + L5 | C11: guard | D11: 1000 | E11: 500 | F11: 0 | G11: =SUM(D11:F11) -> 1500 | H11: So với C6: L4 thêm được gì
A12: C6 | B12: L5 | C12: guard | D12: 1000 | E12: 500 | F12: 0 | G12: =SUM(D12:F12) -> 1500 | H12: Đối chứng: riêng L5 làm được gì
A13: C7 | B13: L1 + L2 + L3 + L3b + L4 + L5 | C13: guard | D13: 1000 | E13: 500 | F13: 300 | G13: =SUM(D13:F13) -> 1800 | H13: Kết quả chính của bài báo
A14: TỔNG | D14: =SUM(D5:D13) -> 9000 | E14: =SUM(E5:E13) -> 4500 | F14: =SUM(F5:F13) -> 900 | G14: =SUM(G5:G13) -> 14400
A16: Chỉ số đo:
A17: • Email tấn công: ASR (tấn công thành công cuối cùng), TMR (agent có ĐỊNH gửi tới kẻ tấn công trước khi L5 chặn), DER (rò rỉ dữ liệu)
A18: • Email lành tính: TSR (trả lời đúng), FPR (bị chặn nhầm)
A19: • Tài liệu độc: ASR đường RAG
A20: Lưu ý: L5 có mặt từ C1 đến C7 nên ASR có thể đều ≈ 0 → dùng TMR để so sánh các lớp.
